pair,method,nominal_validation_budget,actual_test_call_fraction,test_metric,estimated_gflops_per_input,estimated_time_ms_per_input
grefcoco|instancevg|Qwen3.8,learned,0.0,0.0,0.6695119530385957,11.144851456,63.11319342603383
grefcoco|instancevg|Qwen3.8,learned,0.01,0.04701812097666109,0.6878314380512152,1541.775676164205,254.54381293995635
grefcoco|instancevg|Qwen3.8,learned,0.02,0.06706746448118424,0.6980404389870403,2194.4632473757256,336.17315431290154
grefcoco|instancevg|Qwen3.8,learned,0.03,0.08720188299350594,0.7065195814309616,2849.9203556645225,418.1488719575849
grefcoco|instancevg|Qwen3.8,learned,0.04,0.1055780846779911,0.712389756969061,3448.14036435627,492.9661466530142
grefcoco|instancevg|Qwen3.8,learned,0.05,0.11998411933187761,0.7164449990074583,3917.1153094417755,551.619195333999
grefcoco|instancevg|Qwen3.8,learned,0.06,0.13243342880639764,0.7199047159912656,4322.390901749918,602.3055897650073
grefcoco|instancevg|Qwen3.8,learned,0.07,0.14235884638289426,0.7222017412018262,4645.503560765523,642.7161548011189
grefcoco|instancevg|Qwen3.8,learned,0.08,0.1511215721861441,0.7239032413577972,4930.765879725012,678.392910790143
grefcoco|instancevg|Qwen3.8,learned,0.09,0.15957235629413266,0.7263136999120892,5205.873229401156,712.7996204494608
grefcoco|instancevg|Qwen3.8,learned,0.1,0.16822164875365114,0.7290077418257097,5487.442832257611,748.0145414095009
grefcoco|instancevg|Qwen3.8,learned,0.11,0.17695601622096815,0.7316450670674645,5771.781972191343,783.575838641279
grefcoco|instancevg|Qwen3.8,learned,0.12,0.18855457561750277,0.7345943340044806,6149.362193726721,830.7984703549065
grefcoco|instancevg|Qwen3.8,learned,0.13,0.19751580977228256,0.7366361341916456,6441.086765866523,867.2834376446528
grefcoco|instancevg|Qwen3.8,learned,0.14,0.20664719394265946,0.7385361426991465,6738.350412160879,904.4611574778754
grefcoco|instancevg|Qwen3.8,learned,0.15,0.2172532115815444,0.7402376428551173,7083.619367794696,947.6427326878917
grefcoco|instancevg|Qwen3.8,learned,0.16,0.22717862915804102,0.7420242180188866,7406.7320268103,988.0532977240033
grefcoco|instancevg|Qwen3.8,learned,0.17,0.2361398633128208,0.7436122848311261,7698.4565989501025,1024.5382650137497
grefcoco|instancevg|Qwen3.8,learned,0.18,0.24362646399909255,0.7448033349403057,7942.175861750445,1055.0193769267023
grefcoco|instancevg|Qwen3.8,learned,0.19,0.2507727646541701,0.7456540850182911,8174.816976241679,1084.1149837527025
grefcoco|instancevg|Qwen3.8,learned,0.2,0.25942205711368854,0.7459943850494853,8456.386579098133,1119.3299047127425
grefcoco|instancevg|Qwen3.8,learned,0.21,0.2690922496667896,0.746419760088478,8771.19062688191,1158.7013409336398
grefcoco|instancevg|Qwen3.8,learned,0.22,0.2781385588293679,0.7467600601196722,9065.684736098987,1195.5326844951244
grefcoco|instancevg|Qwen3.8,learned,0.23,0.2868445679607521,0.7473555851742619,9349.100697006961,1230.9785229696565
grefcoco|instancevg|Qwen3.8,learned,0.24,0.29430281031109096,0.7480645435725831,9591.896780781542,1261.344176125363
grefcoco|instancevg|Qwen3.8,learned,0.25,0.30176105266142983,0.748092901908516,9834.692864556126,1291.7098292810697
grefcoco|instancevg|Qwen3.8,learned,0.26,0.30995661174602274,0.7486033519553073,10101.491603000439,1325.0774101251732
grefcoco|instancevg|Qwen3.8,learned,0.27,0.3175850041119587,0.7494541020332927,10349.826760929574,1356.135815824356
grefcoco|instancevg|Qwen3.8,learned,0.28,0.3262342965714772,0.7501630604316138,10631.396363786029,1391.350736784396
grefcoco|instancevg|Qwen3.8,learned,0.29,0.3324731304767036,0.7505600771346738,10834.49574945298,1416.7516633785233
grefcoco|instancevg|Qwen3.8,learned,0.3,0.3399313728270425,0.7509570938377336,11077.291833227562,1447.11731653423
grefcoco|instancevg|Qwen3.8,learned,0.31,0.34824036525536683,0.7511839605251964,11347.783287774913,1480.9467324073175
grefcoco|instancevg|Qwen3.8,learned,0.32,0.3557553242775714,0.751269035532995,11592.425729601013,1511.5433030775164
grefcoco|instancevg|Qwen3.8,learned,0.33,0.3627598332529847,0.7511272438533307,11820.450948963453,1540.0616161172863
grefcoco|instancevg|Qwen3.8,learned,0.34,0.37013300059552506,0.7512123188611293,12060.47749566076,1570.080893001255
grefcoco|instancevg|Qwen3.8,learned,0.35,0.3783569180160508,0.751439185548592,12328.199413130831,1603.5639326026044
grefcoco|instancevg|Qwen3.8,learned,0.36,0.3854748603351955,0.7517511272438533,12559.917348596306,1632.5440806713586
grefcoco|instancevg|Qwen3.8,learned,0.37,0.39279131100587017,0.752176502282846,12798.097537242094,1662.3324400408353
grefcoco|instancevg|Qwen3.8,learned,0.38,0.40013612001247767,0.7522332189547117,13037.200904913643,1692.2362581675577
grefcoco|instancevg|Qwen3.8,learned,0.39,0.406573462269234,0.7525735189859059,13246.762543760904,1718.445396062407
grefcoco|instancevg|Qwen3.8,learned,0.4,0.4153929047443496,0.7528003856733687,13533.871220771913,1754.3530695659233
grefcoco|instancevg|Qwen3.8,learned,0.41,0.42151830530584466,0.75311232736863,13733.27789033583,1779.2921611310667
grefcoco|instancevg|Qwen3.8,learned,0.42,0.42920341434364634,0.7535093440716899,13983.459406316484,1810.5814843447415
grefcoco|instancevg|Qwen3.8,learned,0.43,0.4367750900377166,0.7537362107591526,14229.948206194102,1841.4089725294323
grefcoco|instancevg|Qwen3.8,learned,0.44,0.4450273657941752,0.753679494087287,14498.593302689931,1875.0074708880277
grefcoco|instancevg|Qwen3.8,learned,0.45,0.45143634971499874,0.7537929274310183,14707.231762511437,1901.1011500256313
grefcoco|instancevg|Qwen3.8,learned,0.46,0.4578736919717551,0.7536227774154213,14916.7934013587,1927.3102879204807
grefcoco|instancevg|Qwen3.8,learned,0.47,0.4659274593766838,0.7537929274310183,15178.976244674219,1960.100574978354
grefcoco|instancevg|Qwen3.8,learned,0.48,0.4741797351331424,0.7538780024388169,15447.621341170048,1993.6990733369496
grefcoco|instancevg|Qwen3.8,learned,0.49,0.4806454357258316,0.7537362107591526,15658.106159043073,2020.0236699890452
grefcoco|instancevg|Qwen3.8,learned,0.5,0.487451436349715,0.7535093440716899,15879.6691252252,2047.733771728093
grefcoco|instancevg|Qwen3.8,learned,0.51,0.49482460369225534,0.7537645690950855,16119.695671922505,2077.7530486120613
grefcoco|instancevg|Qwen3.8,learned,0.52,0.501573887644273,0.7535660607435556,16339.412280053117,2105.232232836617
grefcoco|instancevg|Qwen3.8,learned,0.53,0.5105351217990528,0.7532257607123614,16631.136852192918,2141.7172001263634
grefcoco|instancevg|Qwen3.8,learned,0.54,0.519241130930437,0.7530556106967643,16914.552813100894,2177.163038600896
grefcoco|instancevg|Qwen3.8,learned,0.55,0.5268128066245072,0.7528571023452344,17161.041612978508,2207.9905267855866
grefcoco|instancevg|Qwen3.8,learned,0.56,0.5355755324277571,0.7528287440093016,17446.303931938,2243.6672827746106
grefcoco|instancevg|Qwen3.8,learned,0.57,0.5419561580126478,0.753282477384227,17654.019212733747,2269.645503154968
grefcoco|instancevg|Qwen3.8,learned,0.58,0.5495845503785838,0.7528287440093016,17902.35437066288,2300.703908854151
grefcoco|instancevg|Qwen3.8,learned,0.59,0.5562771176587358,0.7527153106655702,18120.224620741974,2327.952175564215
grefcoco|instancevg|Qwen3.8,learned,0.6,0.564047301704336,0.7526585939937045,18373.175673799906,2359.587875049628
grefcoco|instancevg|Qwen3.8,learned,0.61,0.5725831608201231,0.7528287440093016,18651.052560553326,2394.3409609806836
grefcoco|instancevg|Qwen3.8,learned,0.62,0.5818846950060971,0.7528571023452344,18953.855281002234,2432.2114333573827
grefcoco|instancevg|Qwen3.8,learned,0.63,0.5903638374500184,0.7528571023452344,19229.885809704134,2466.7336017739462
grefcoco|instancevg|Qwen3.8,learned,0.64,0.5973683464254318,0.7526869523296373,19457.911029066578,2495.2519148137167
grefcoco|instancevg|Qwen3.8,learned,0.65,0.6042594220571137,0.7526018773218388,19682.24353232598,2523.3083928245023
grefcoco|instancevg|Qwen3.8,learned,0.66,0.6122848311261095,0.752545160649973,19943.503196615744,2555.9832211251296
grefcoco|instancevg|Qwen3.8,learned,0.67,0.6198848651561126,0.7522048606187789,20190.91517551912,2586.9261680670666
grefcoco|instancevg|Qwen3.8,learned,0.68,0.6280520659047727,0.752176502282846,20456.790734937673,2620.178290153924
grefcoco|instancevg|Qwen3.8,learned,0.69,0.6363894166690298,0.7522048606187789,20728.20536851078,2654.1231647842574
grefcoco|instancevg|Qwen3.8,learned,0.7,0.6444999007458242,0.7521197856109804,20992.234569877815,2687.144369356623
grefcoco|instancevg|Qwen3.8,learned,0.71,0.6527521765022829,0.7519212772594505,21260.87966637365,2720.742867715219
grefcoco|instancevg|Qwen3.8,learned,0.72,0.6601253438448231,0.7518362022516518,21500.906213070954,2750.7621445991867
grefcoco|instancevg|Qwen3.8,learned,0.73,0.6697955363979242,0.7518362022516518,21815.71026085473,2790.1335808200847
grefcoco|instancevg|Qwen3.8,learned,0.74,0.6775373621075915,0.7518645605875848,22067.7381348869,2821.6538215482515
grefcoco|instancevg|Qwen3.8,learned,0.75,0.6870657629810283,0.7512973938689278,22377.92628754188,2860.4479639829183
grefcoco|instancevg|Qwen3.8,learned,0.76,0.6956299804327482,0.7514108272126592,22656.726353321057,2895.31650867122
grefcoco|instancevg|Qwen3.8,learned,0.77,0.7044494229078637,0.7514959022204577,22943.835030332066,2931.224182174736
grefcoco|instancevg|Qwen3.8,learned,0.78,0.7129852820236509,0.7510705271814649,23221.711917085486,2965.9772681057925
grefcoco|instancevg|Qwen3.8,learned,0.79,0.7243853330686555,0.7506735104784051,23592.82988544055,3012.3916885186977
grefcoco|instancevg|Qwen3.8,learned,0.8,0.7337152255905623,0.7507302271502708,23896.555784915217,3050.3776196526424
grefcoco|instancevg|Qwen3.8,learned,0.81,0.744377959901313,0.7505033604628081,24243.671098600553,3093.7901123771508
grefcoco|instancevg|Qwen3.8,learned,0.82,0.7522048606187789,0.7503048521112781,24498.46850971,3125.656729377056
grefcoco|instancevg|Qwen3.8,learned,0.83,0.7607123613986331,0.7503332104472109,24775.42221743766,3160.2943565508654
grefcoco|instancevg|Qwen3.8,learned,0.84,0.770779570654794,0.749964552080084,25103.15077158206,3201.2822153732072
grefcoco|instancevg|Qwen3.8,learned,0.85,0.7827467884184556,0.749964552080084,25492.7323204523,3250.005810931033
grefcoco|instancevg|Qwen3.8,learned,0.86,0.793466239401072,0.7498511187363526,25841.693992189157,3293.649221170034
grefcoco|instancevg|Qwen3.8,learned,0.87,0.8059439072115249,0.7499361937441511,26247.89276352306,3344.451074358288
grefcoco|instancevg|Qwen3.8,learned,0.88,0.8164932081785441,0.7497093270566884,26591.315361105357,3387.4017320538123
grefcoco|instancevg|Qwen3.8,learned,0.89,0.8270425091455633,0.7494257436973598,26934.737958687656,3430.3523897493365
grefcoco|instancevg|Qwen3.8,learned,0.9,0.8367410600345971,0.749397385361427,27250.46518549719,3469.83928472748
grefcoco|instancevg|Qwen3.8,learned,0.91,0.8491903695091172,0.74883021864277,27655.740777805335,3520.5256791584884
grefcoco|instancevg|Qwen3.8,learned,0.92,0.8618098289992343,0.7487167852990386,28066.55544426803,3571.904826132973
grefcoco|instancevg|Qwen3.8,learned,0.93,0.8745710801690156,0.7486884269631058,28481.98600585952,3623.8612668936876
grefcoco|instancevg|Qwen3.8,learned,0.94,0.8879845730652526,0.7486884269631058,28918.649685043467,3678.4732590710614
grefcoco|instancevg|Qwen3.8,learned,0.95,0.9000085075007799,0.7484332019397102,29310.07759196523,3727.4277721433796
grefcoco|instancevg|Qwen3.8,learned,0.96,0.9125996086549641,0.7477809602132547,29719.969079402166,3778.691460360618
grefcoco|instancevg|Qwen3.8,learned,0.97,0.9269489266369849,0.7476391685335905,30187.09766643615,3837.11359152711
grefcoco|instancevg|Qwen3.8,learned,0.98,0.9459773700479256,0.7472988685023962,30806.550792720354,3914.5864176391988
grefcoco|instancevg|Qwen3.8,learned,0.99,0.9658282052009188,0.7472421518305306,31452.77611075156,3995.4075477114216
grefcoco|instancevg|Qwen3.8,learned,1.0,1.0,0.7447182599325072,32565.206836791,4134.535350192891
grefcoco|instancevg|Qwen3.8,confidence,0.0,0.0,0.6695119530385957,7.502680064,46.08042127620138
grefcoco|instancevg|Qwen3.8,confidence,0.01,0.002467175226157729,0.6686895612965431,87.81925530502161,56.12533315660624
grefcoco|instancevg|Qwen3.8,confidence,0.02,0.004849275444516916,0.6680373195700876,165.3662934687666,65.823868765273
grefcoco|instancevg|Qwen3.8,confidence,0.03,0.007600034030003119,0.6675835861951621,254.9146589673769,77.02336821813819
grefcoco|instancevg|Qwen3.8,confidence,0.04,0.009811984232765221,0.6671014944843037,326.9226229765687,86.02915128332876
grefcoco|instancevg|Qwen3.8,confidence,0.05,0.012534384482318578,0.6666194027734452,415.54780944942013,97.11319197894791
grefcoco|instancevg|Qwen3.8,confidence,0.06,0.01607917647392451,0.6662223860703854,530.9451876692788,111.54553663470202
grefcoco|instancevg|Qwen3.8,confidence,0.07,0.019709043473328986,0.6658253693673255,649.112102966414,126.32425756219423
grefcoco|instancevg|Qwen3.8,confidence,0.08,0.02353741882426339,0.6655985026798628,773.7412714438613,141.91118979040866
grefcoco|instancevg|Qwen3.8,confidence,0.09,0.028868785979638715,0.6651164109690043,947.2989282865286,163.61743615266283
grefcoco|instancevg|Qwen3.8,confidence,0.1,0.0345971698380739,0.6647761109378102,1133.7810914898203,186.94010511636148
grefcoco|instancevg|Qwen3.8,confidence,0.11,0.03981510364971783,0.664435810906616,1303.6460322294522,208.18451644963153
grefcoco|instancevg|Qwen3.8,confidence,0.12,0.045855429203414344,0.664067152539489,1500.2831647160913,232.77723174303654
grefcoco|instancevg|Qwen3.8,confidence,0.13,0.05317187987408899,0.6637552108442276,1738.4633533618796,262.565591112513
grefcoco|instancevg|Qwen3.8,confidence,0.14,0.05960922213084536,0.6636134191645634,1948.0249922091427,288.77472900736245
grefcoco|instancevg|Qwen3.8,confidence,0.15,0.0675211978561098,0.6632164024615036,2205.591940395867,320.98772227900565
grefcoco|instancevg|Qwen3.8,confidence,0.16,0.07551824858917279,0.6626208774069138,2465.928425659868,353.54709182238696
grefcoco|instancevg|Qwen3.8,confidence,0.17,0.08212574086152624,0.6622522190397867,2681.0291386616846,380.44898226071257
grefcoco|instancevg|Qwen3.8,confidence,0.18,0.08856308311828262,0.6619969940163911,2890.590777508948,406.6581201555621
grefcoco|instancevg|Qwen3.8,confidence,0.19,0.09480191702350906,0.6615149023055327,3093.6901631758988,432.0590467496893
grefcoco|instancevg|Qwen3.8,confidence,0.2,0.10007656750701868,0.6612596772821371,3265.4014619670484,453.5343755974514
grefcoco|instancevg|Qwen3.8,confidence,0.21,0.10554972634205825,0.6608343022431443,3443.575013938511,475.81791574593575
grefcoco|instancevg|Qwen3.8,confidence,0.22,0.11005870175538099,0.6605507188838159,3590.3604790341706,494.17585814805494
grefcoco|instancevg|Qwen3.8,confidence,0.23,0.11527663556702493,0.6600969855088903,3760.2254197738025,515.420269481325
grefcoco|instancevg|Qwen3.8,confidence,0.24,0.12029606102713893,0.6598417604854947,3923.6281073331224,535.8564695138729
grefcoco|instancevg|Qwen3.8,confidence,0.25,0.12477667810452883,0.6594731021183677,4069.490393403024,554.0989531587461
grefcoco|instancevg|Qwen3.8,confidence,0.26,0.12914386183818732,0.6590193687434421,4211.659963369889,571.879601774635
grefcoco|instancevg|Qwen3.8,confidence,0.27,0.1322916371267334,0.658679068712248,4314.132835229124,584.6955238289447
grefcoco|instancevg|Qwen3.8,confidence,0.28,0.13626180415733205,0.6582820520091881,4443.377898835366,600.8597498433894
grefcoco|instancevg|Qwen3.8,confidence,0.29,0.14023197118793068,0.657743243626464,4572.622962441607,617.0239758578339
grefcoco|instancevg|Qwen3.8,confidence,0.3,0.14326631313274538,0.657374585259337,4671.403118197806,629.3780628831595
grefcoco|instancevg|Qwen3.8,confidence,0.31,0.14766185520233674,0.6569775685562771,4814.495867190431,647.2741702562946
grefcoco|instancevg|Qwen3.8,confidence,0.32,0.15066783881121856,0.6567507018688143,4912.352843920871,659.512798524374
grefcoco|instancevg|Qwen3.8,confidence,0.33,0.15452457249808582,0.6565238351813516,5037.905191424078,675.2151895098345
grefcoco|instancevg|Qwen3.8,confidence,0.34,0.15806936448969175,0.6564104018376201,5153.302569643936,689.6475341655887
grefcoco|instancevg|Qwen3.8,confidence,0.35,0.16201117318435754,0.6562686101579559,5281.6244542244185,705.6963014227872
grefcoco|instancevg|Qwen3.8,confidence,0.36,0.1657544735274934,0.6558999517908289,5403.484085624589,720.9368573792635
grefcoco|instancevg|Qwen3.8,confidence,0.37,0.17012165726115192,0.6558715934548961,5545.653655591455,738.7175059951526
grefcoco|instancevg|Qwen3.8,confidence,0.38,0.17536794940872868,0.6555596517596347,5716.441775356846,760.0773760856687
grefcoco|instancevg|Qwen3.8,confidence,0.39,0.17965005813458867,0.6553044267362391,5855.841808246436,777.5116484298197
grefcoco|instancevg|Qwen3.8,confidence,0.4,0.18401724186824717,0.6552193517284406,5998.011378213301,795.2922970457087
grefcoco|instancevg|Qwen3.8,confidence,0.41,0.18858293395343562,0.6552760684003063,6146.643201360479,813.88115696232
grefcoco|instancevg|Qwen3.8,confidence,0.42,0.19238295096843716,0.6554745767518362,6270.349190812167,829.3526304332884
grefcoco|instancevg|Qwen3.8,confidence,0.43,0.19689192638175992,0.655502935087769,6417.134655907828,847.7105728354077
grefcoco|instancevg|Qwen3.8,confidence,0.44,0.20182627683407536,0.6555880100955676,6577.76780638987,867.8003965962173
grefcoco|instancevg|Qwen3.8,confidence,0.45,0.20718600232538353,0.6559283101267618,6752.248642258297,889.6221017157176
grefcoco|instancevg|Qwen3.8,confidence,0.46,0.21189348609023623,0.656070101806426,6905.49636053427,908.7882554185591
grefcoco|instancevg|Qwen3.8,confidence,0.47,0.217139778237813,0.6567790602047472,7076.28448029966,930.148125509075
grefcoco|instancevg|Qwen3.8,confidence,0.48,0.22198905368232993,0.6584238436888523,7234.148093704427,949.8915729981468
grefcoco|instancevg|Qwen3.8,confidence,0.49,0.22763236253296656,0.6604372855400845,7417.860719830442,972.8678656901072
grefcoco|instancevg|Qwen3.8,confidence,0.5,0.2345234381646485,0.662762669086578,7642.1932230898465,1000.9243437008932
grefcoco|instancevg|Qwen3.8,confidence,0.51,0.24382497235062248,0.6654567110001985,7944.995943538756,1038.7948160775923
grefcoco|instancevg|Qwen3.8,confidence,0.52,0.252644414825738,0.6678955278904234,8232.104620549764,1074.7024895811082
grefcoco|instancevg|Qwen3.8,confidence,0.53,0.26401610753480986,0.6703627031165811,8602.299409879071,1121.0014512367675
grefcoco|instancevg|Qwen3.8,confidence,0.54,0.2760116836344043,0.6731134617020673,8992.804137775072,1169.8405055518392
grefcoco|instancevg|Qwen3.8,confidence,0.55,0.2893401015228426,0.6758358619516207,9426.69827988174,1224.1061214574747
grefcoco|instancevg|Qwen3.8,confidence,0.56,0.3036043444970649,0.679295578935428,9891.057329838453,1282.1818763522294
grefcoco|instancevg|Qwen3.8,confidence,0.57,0.3175850041119587,0.6822448458724442,10346.184589537575,1339.1030436745236
grefcoco|instancevg|Qwen3.8,confidence,0.58,0.33462836400760004,0.6853926211609903,10901.015184018655,1408.4937567793893
grefcoco|instancevg|Qwen3.8,confidence,0.59,0.35637920766809406,0.6889090548166633,11609.09349677571,1497.0506235870967
grefcoco|instancevg|Qwen3.8,confidence,0.6,0.37968975980489467,0.6922553384567394,12367.9466559495,1591.9577220433357
grefcoco|instancevg|Qwen3.8,confidence,0.61,0.4046450954258004,0.6949493803703599,13180.344198617304,1693.5614284198446
grefcoco|instancevg|Qwen3.8,confidence,0.62,0.43141536454640844,0.6983807390182344,14051.825198933677,1802.5544952600997
grefcoco|instancevg|Qwen3.8,confidence,0.63,0.4610214672603012,0.7015568726427134,15015.624101825935,1923.093437824958
grefcoco|instancevg|Qwen3.8,confidence,0.64,0.4916484700677764,0.7053285313217821,16012.657449645512,2047.7888956506733
grefcoco|instancevg|Qwen3.8,confidence,0.65,0.5209426310864078,0.7086180982899923,16966.301383254424,2167.0577918858253
grefcoco|instancevg|Qwen3.8,confidence,0.66,0.5529308340186598,0.71148229021921,18007.64732431043,2297.2952700593505
grefcoco|instancevg|Qwen3.8,confidence,0.67,0.5888041289737118,0.7155091739216742,19175.4687918954,2443.350597975582
grefcoco|instancevg|Qwen3.8,confidence,0.68,0.6175027649377535,0.7182882908430933,20109.725965963375,2560.1948603085675
grefcoco|instancevg|Qwen3.8,confidence,0.69,0.6421461588633979,0.7211241244363781,20911.968539347832,2660.52852035537
grefcoco|instancevg|Qwen3.8,confidence,0.7,0.665910444375124,0.7233077163032073,21685.59256293376,2757.282958927545
grefcoco|instancevg|Qwen3.8,confidence,0.71,0.6838612710206166,0.7243286163967898,22269.96488623913,2830.3683522642846
grefcoco|instancevg|Qwen3.8,confidence,0.72,0.7029464311034228,0.7260017582168279,22891.264370574845,2908.072095890864
grefcoco|instancevg|Qwen3.8,confidence,0.73,0.7180614241556306,0.7278450500524629,23383.318791304326,2969.611613503
grefcoco|instancevg|Qwen3.8,confidence,0.74,0.7352465757309361,0.7297450585599637,23942.7652809142,3039.579620394096
grefcoco|instancevg|Qwen3.8,confidence,0.75,0.7478093185491875,0.7311629753566061,24351.733589325377,3090.727849854088
grefcoco|instancevg|Qwen3.8,confidence,0.76,0.759804894648782,0.7328928338485098,24742.238317221378,3139.5669041691604
grefcoco|instancevg|Qwen3.8,confidence,0.77,0.7729064458497575,0.7342540339732865,25168.74702712198,3192.9088500168273
grefcoco|instancevg|Qwen3.8,confidence,0.78,0.7855259053398747,0.735274934066869,25579.561693584674,3244.287996991312
grefcoco|instancevg|Qwen3.8,confidence,0.79,0.7964722230099538,0.7362958341604514,25935.908797527598,3288.855077288281
grefcoco|instancevg|Qwen3.8,confidence,0.8,0.8082125740861527,0.7377704676289595,26318.104914191772,3336.6550027881385
grefcoco|instancevg|Qwen3.8,confidence,0.81,0.8197544168108215,0.738422709355415,26693.838777675628,3383.6467169872735
grefcoco|instancevg|Qwen3.8,confidence,0.82,0.8333380597226555,0.7389048010662734,27136.04153101413,3438.9514617081236
grefcoco|instancevg|Qwen3.8,confidence,0.83,0.8426112355726966,0.7398689844879902,27437.921072437275,3476.7064753275763
grefcoco|instancevg|Qwen3.8,confidence,0.84,0.8529903865241187,0.7403227178629158,27775.804595865022,3518.964380479624
grefcoco|instancevg|Qwen3.8,confidence,0.85,0.8635396874911381,0.7406913762300428,28119.227193447325,3561.9150381751488
grefcoco|instancevg|Qwen3.8,confidence,0.86,0.8710262881774098,0.7413152596205654,28362.946456247664,3592.3961500881014
grefcoco|instancevg|Qwen3.8,confidence,0.87,0.8809517057539064,0.7422227263704165,28686.05911526327,3632.8067151242126
grefcoco|instancevg|Qwen3.8,confidence,0.88,0.8913024983693957,0.7430167597765364,29023.019459665255,3674.9491615190145
grefcoco|instancevg|Qwen3.8,confidence,0.89,0.900915974250631,0.743442134815529,29335.977149397513,3714.0896802254197
grefcoco|instancevg|Qwen3.8,confidence,0.9,0.910954825170859,0.7443212432294473,29662.782524516155,3754.9620802905156
grefcoco|instancevg|Qwen3.8,confidence,0.91,0.921901142840938,0.7448033349403057,30019.129628459075,3799.529160587484
grefcoco|instancevg|Qwen3.8,confidence,0.92,0.9303235686129938,0.7450018432918356,30293.31379910946,3833.820411489556
grefcoco|instancevg|Qwen3.8,confidence,0.93,0.9393698777755721,0.7448884099481042,30587.80790832654,3870.6517550510403
grefcoco|instancevg|Qwen3.8,confidence,0.94,0.9490117119927403,0.7448884099481042,30901.688777084553,3909.907732514692
grefcoco|instancevg|Qwen3.8,confidence,0.95,0.9587953378895726,0.7449734849559028,31220.185540971364,3949.7410037645727
grefcoco|instancevg|Qwen3.8,confidence,0.96,0.9673595553412926,0.7452570683152313,31498.985606750543,3984.609548452875
grefcoco|instancevg|Qwen3.8,confidence,0.97,0.9746192893401016,0.745313784987097,31735.319437344813,4014.1669903078596
grefcoco|instancevg|Qwen3.8,confidence,0.98,0.9830984317840229,0.7450585599637013,32011.349966046713,4048.689158724423
grefcoco|instancevg|Qwen3.8,confidence,0.99,0.9908118991577575,0.7448884099481042,32262.45466105313,4080.0939406953444
grefcoco|instancevg|Qwen3.8,confidence,1.0,1.0,0.7447182599325072,32561.564665399,4117.502578043059
construction|yolo26x|Qwen3.8,learned,0.0,0.0,0.18129624718318377,139.16228659200002,71.56936161300109
construction|yolo26x|Qwen3.8,learned,0.01,0.013648468708388815,0.18693471712069915,1461.3537694872334,205.6311162003908
construction|yolo26x|Qwen3.8,learned,0.02,0.019640479360852198,0.18781313491575913,2041.8280790509946,264.48749626314725
construction|yolo26x|Qwen3.8,learned,0.03,0.031291611185086554,0.1913128749335621,3170.5281254249744,378.9304574962848
construction|yolo26x|Qwen3.8,learned,0.04,0.04061251664447404,0.19266008228682668,4073.4881625241583,470.48482648279486
construction|yolo26x|Qwen3.8,learned,0.05,0.045938748335552594,0.19531128485766117,4589.465326580834,522.8016087608005
construction|yolo26x|Qwen3.8,learned,0.06,0.0559254327563249,0.19800731707634547,5556.922509187103,620.8955755320613
construction|yolo26x|Qwen3.8,learned,0.07,0.07456724367509987,0.19763843353437874,7362.842583385471,804.0043135050814
construction|yolo26x|Qwen3.8,learned,0.08,0.08688415446071904,0.1974112776278713,8556.039775266534,924.9868725229696
construction|yolo26x|Qwen3.8,learned,0.09,0.09587217043941411,0.20030220967092682,9426.751239612175,1013.2714426171043
construction|yolo26x|Qwen3.8,learned,0.1,0.09920106524633822,0.20211074868345033,9749.236967147599,1045.9694315408578
construction|yolo26x|Qwen3.8,learned,0.11,0.11284953395472704,0.20834032699131655,11071.428450042833,1180.0311861282478
construction|yolo26x|Qwen3.8,learned,0.12,0.12350199733688415,0.21121674052765757,12103.382778156185,1284.664750684259
construction|yolo26x|Qwen3.8,learned,0.13,0.13315579227696406,0.21276215593410724,13038.591388008912,1379.4889185631446
construction|yolo26x|Qwen3.8,learned,0.14,0.14347536617842876,0.21511521078428622,14038.297143368722,1480.8526842267806
construction|yolo26x|Qwen3.8,learned,0.15,0.15246338215712382,0.21738179676765032,14909.008607714362,1569.1372543209152
construction|yolo26x|Qwen3.8,learned,0.16,0.1604527296937417,0.22260454951009195,15682.974353799378,1647.612427737924
construction|yolo26x|Qwen3.8,learned,0.17,0.1780958721704394,0.22627631882842034,17392.148709737117,1820.9117690338178
construction|yolo26x|Qwen3.8,learned,0.18,0.18442077230359522,0.2270967395967396,18004.871592054424,1883.0379479889498
construction|yolo26x|Qwen3.8,learned,0.19,0.2000665778961385,0.23397114982462924,19520.55451147091,2036.7184959305916
construction|yolo26x|Qwen3.8,learned,0.2,0.20439414114513982,0.23512276426997616,19939.78595726696,2079.2258815314713
construction|yolo26x|Qwen3.8,learned,0.21,0.21937416777629826,0.24202469545559713,21390.97173117636,2226.3668316883623
construction|yolo26x|Qwen3.8,learned,0.22,0.22769640479360853,0.24353835097564847,22197.18605001492,2308.1118039977464
construction|yolo26x|Qwen3.8,learned,0.23,0.23601864181091878,0.2454657390209296,23003.400368853476,2389.8567763071305
construction|yolo26x|Qwen3.8,learned,0.24,0.24533954727030627,0.2483414219175777,23906.36040595266,2481.4111452936404
construction|yolo26x|Qwen3.8,learned,0.25,0.25432756324900135,0.2504846177578749,24777.071870298303,2569.695715387775
construction|yolo26x|Qwen3.8,learned,0.26,0.2636484687083888,0.252142216376585,25680.031907397482,2661.250084374285
construction|yolo26x|Qwen3.8,learned,0.27,0.275965379494008,0.25276746625574176,26873.22909927855,2782.2326433921735
construction|yolo26x|Qwen3.8,learned,0.28,0.29427430093209056,0.25702642690899347,28646.900600723373,2962.071582472818
construction|yolo26x|Qwen3.8,learned,0.29,0.31091877496671105,0.26183035419940204,30259.32923840049,3125.561527091586
construction|yolo26x|Qwen3.8,learned,0.3,0.322237017310253,0.2672887365132105,31355.780712020925,3236.734689432348
construction|yolo26x|Qwen3.8,learned,0.31,0.33388814913448733,0.27039536303602457,32484.480758394904,3351.1776506654855
construction|yolo26x|Qwen3.8,learned,0.32,0.34354194407456723,0.2713201570387918,33419.68936824763,3446.001818544371
construction|yolo26x|Qwen3.8,learned,0.33,0.3492010652463382,0.2722481828097158,33967.91510505785,3501.588399714752
construction|yolo26x|Qwen3.8,learned,0.34,0.3545272969374168,0.274417471554269,34483.89226911453,3553.905181992758
construction|yolo26x|Qwen3.8,learned,0.35,0.3648468708388815,0.2782223498666452,35483.59802447434,3655.268947656394
construction|yolo26x|Qwen3.8,learned,0.36,0.37217043941411454,0.2795152621397537,36193.06662505227,3727.204523288652
construction|yolo26x|Qwen3.8,learned,0.37,0.37683089214380827,0.28090947933574756,36644.54664360186,3772.981707781907
construction|yolo26x|Qwen3.8,learned,0.38,0.3854860186418109,0.28295009794869297,37483.00953519396,3857.9964789836663
construction|yolo26x|Qwen3.8,learned,0.39,0.39980026631158455,0.28644294895435674,38869.69816359627,3998.5978313558066
construction|yolo26x|Qwen3.8,learned,0.4,0.4054593874833555,0.2862200047733393,39417.923900406495,4054.1844125261878
construction|yolo26x|Qwen3.8,learned,0.41,0.4104527296937417,0.28760386086589435,39901.65249170963,4103.231395911818
construction|yolo26x|Qwen3.8,learned,0.42,0.4181091877496671,0.2930744270093899,40643.3696650411,4178.436770436451
construction|yolo26x|Qwen3.8,learned,0.43,0.42809587217043943,0.2961685540536353,41610.82684764737,4276.530737207712
construction|yolo26x|Qwen3.8,learned,0.44,0.4370838881491345,0.2977058723546182,42481.53831199301,4364.8153073018475
construction|yolo26x|Qwen3.8,learned,0.45,0.44673768308921435,0.2999402430635043,43416.74692184573,4459.639475180732
construction|yolo26x|Qwen3.8,learned,0.46,0.45206391478029295,0.2993046120720782,43932.72408590242,4511.956257458738
construction|yolo26x|Qwen3.8,learned,0.47,0.45872170439414117,0.2998310238962732,44577.69554097326,4577.352235306245
construction|yolo26x|Qwen3.8,learned,0.48,0.4673768308921438,0.30393211265289466,45416.15843256536,4662.367006508005
construction|yolo26x|Qwen3.8,learned,0.49,0.47503328894806923,0.30350001249166053,46157.87560589683,4737.572381032637
construction|yolo26x|Qwen3.8,learned,0.5,0.4876830892143808,0.29875800068449215,47383.321370531434,4861.824738942901
construction|yolo26x|Qwen3.8,learned,0.51,0.5046604527296937,0.29989697064322696,49027.99858096209,5028.5844824540445
construction|yolo26x|Qwen3.8,learned,0.52,0.5206391478029294,0.297424793956044,50575.93007313212,5185.534829288062
construction|yolo26x|Qwen3.8,learned,0.53,0.5249667110519307,0.297424793956044,50995.161518928166,5228.042214888941
construction|yolo26x|Qwen3.8,learned,0.54,0.5436085219707057,0.2978194775414123,52801.08159312654,5411.150952861962
construction|yolo26x|Qwen3.8,learned,0.55,0.5529294274300932,0.29630990060928936,53704.04163022572,5502.705321848472
construction|yolo26x|Qwen3.8,learned,0.56,0.5612516644474035,0.29578344205458756,54510.25594906428,5584.450294157856
construction|yolo26x|Qwen3.8,learned,0.57,0.5692410119840213,0.2950949302773625,55284.221695149296,5662.925467574864
construction|yolo26x|Qwen3.8,learned,0.58,0.5902130492676432,0.2947373376338526,57315.88177862246,5868.922797794512
construction|yolo26x|Qwen3.8,learned,0.59,0.6021970705725699,0.29722091277674884,58476.830397749975,5986.635557920024
construction|yolo26x|Qwen3.8,learned,0.6,0.6208388814913449,0.29665021956289706,60282.750471948355,6169.744295893045
construction|yolo26x|Qwen3.8,learned,0.61,0.6288282290279628,0.295988506182091,61056.71621803337,6248.219469310054
construction|yolo26x|Qwen3.8,learned,0.62,0.6421438082556591,0.2939669175161438,62346.65912817505,6379.011425005067
construction|yolo26x|Qwen3.8,learned,0.63,0.6491344873501997,0.29277362668991463,63023.87915599944,6447.67720174495
construction|yolo26x|Qwen3.8,learned,0.64,0.6571238348868176,0.2930821542583563,63797.84490208446,6526.152375161959
construction|yolo26x|Qwen3.8,learned,0.65,0.6677762982689747,0.2892305220657417,64829.79923019781,6630.78593971797
construction|yolo26x|Qwen3.8,learned,0.66,0.6744340878828229,0.2915915088317972,65474.77068526865,6696.181917565477
construction|yolo26x|Qwen3.8,learned,0.67,0.6854194407456724,0.2936540392680743,66538.97358613556,6804.085281013864
construction|yolo26x|Qwen3.8,learned,0.68,0.7047270306258322,0.29632332439424064,68409.390805841,6993.733616771635
construction|yolo26x|Qwen3.8,learned,0.69,0.7157123834886817,0.2937246709263134,69473.5937067079,7101.6369802200215
construction|yolo26x|Qwen3.8,learned,0.7,0.7253661784287616,0.2952254059747369,70408.80231656063,7196.461148098907
construction|yolo26x|Qwen3.8,learned,0.71,0.7283621837549934,0.2945683782087344,70699.03947134252,7225.889338130286
construction|yolo26x|Qwen3.8,learned,0.72,0.741011984021305,0.29252963134197957,71924.48523597712,7350.1416960405495
construction|yolo26x|Qwen3.8,learned,0.73,0.7526631158455392,0.2900395106945919,73053.1852823511,7464.584657273686
construction|yolo26x|Qwen3.8,learned,0.74,0.7616511318242344,0.2887744568626224,73923.89674669674,7552.869227367822
construction|yolo26x|Qwen3.8,learned,0.75,0.7709720372836218,0.28730364578560735,74826.85678379593,7644.4235963543315
construction|yolo26x|Qwen3.8,learned,0.76,0.7749667110519307,0.2858070539975931,75213.83965683842,7683.661183062835
construction|yolo26x|Qwen3.8,learned,0.77,0.7792942743009321,0.28488735368132817,75633.07110263448,7726.168568663716
construction|yolo26x|Qwen3.8,learned,0.78,0.7846205059920106,0.2830658409372236,76149.04826669116,7778.485350941721
construction|yolo26x|Qwen3.8,learned,0.79,0.7972703062583223,0.2809995077380739,77374.49403132577,7902.737708851985
construction|yolo26x|Qwen3.8,learned,0.8,0.8129161118508655,0.28013559922601305,78890.17695074226,8056.418256793627
construction|yolo26x|Qwen3.8,learned,0.81,0.8199067909454061,0.27814841049220523,79567.39697856663,8125.084033533509
construction|yolo26x|Qwen3.8,learned,0.82,0.831225033288948,0.2772348763322643,80663.84845218707,8236.25719587427
construction|yolo26x|Qwen3.8,learned,0.83,0.84254327563249,0.27700595116508253,81760.29992580751,8347.430358215033
construction|yolo26x|Qwen3.8,learned,0.84,0.857190412782956,0.2763733409861609,83179.23712696337,8491.301509479548
construction|yolo26x|Qwen3.8,learned,0.85,0.8618508655126498,0.2761345157638265,83630.71714551296,8537.078693972804
construction|yolo26x|Qwen3.8,learned,0.86,0.87017310252996,0.2761345157638265,84436.93146435152,8618.823666282187
construction|yolo26x|Qwen3.8,learned,0.87,0.8848202396804261,0.27546832609774896,85855.86866550738,8762.694817546704
construction|yolo26x|Qwen3.8,learned,0.88,0.8984687083888149,0.27423981143437465,87178.06014840261,8896.756572134092
construction|yolo26x|Qwen3.8,learned,0.89,0.9087882822902796,0.2736575311942959,88177.76590376243,8998.12033779773
construction|yolo26x|Qwen3.8,learned,0.9,0.9161118508655126,0.272975172975173,88887.23450434035,9070.055913429987
construction|yolo26x|Qwen3.8,learned,0.91,0.9217709720372836,0.2727190231806067,89435.46024115058,9125.64249460037
construction|yolo26x|Qwen3.8,learned,0.92,0.9264314247669774,0.27264729817760425,89886.94025970016,9171.419679093624
construction|yolo26x|Qwen3.8,learned,0.93,0.933422103861518,0.2741441928343702,90564.16028752456,9240.085455833507
construction|yolo26x|Qwen3.8,learned,0.94,0.9417443408788282,0.2733716828250215,91370.37460636311,9321.83042814289
construction|yolo26x|Qwen3.8,learned,0.95,0.9530625832223701,0.2727312493845365,92466.82607998354,9433.003590483651
construction|yolo26x|Qwen3.8,learned,0.96,0.9613848202396804,0.27223682114986464,93273.04039882211,9514.748562793036
construction|yolo26x|Qwen3.8,learned,0.97,0.9673768308921438,0.27453093162048386,93853.51470838586,9573.604942855793
construction|yolo26x|Qwen3.8,learned,0.98,0.9760319573901465,0.2737331615154065,94691.97759997797,9658.619714057553
construction|yolo26x|Qwen3.8,learned,0.99,0.9890146471371505,0.2725383412883413,95949.67193736612,9786.141870860192
construction|yolo26x|Qwen3.8,learned,1.0,1.0,0.27001009067886245,97013.87483823301,9894.045234308578
construction|yolo26x|Qwen3.8,confidence,0.0,0.0,0.18129624718318377,135.97853184000002,46.30809425361804
construction|yolo26x|Qwen3.8,confidence,0.01,0.0,0.18129624718318377,135.97853184000002,46.30809425361804
construction|yolo26x|Qwen3.8,confidence,0.02,0.0,0.18129624718318377,135.97853184000002,46.30809425361804
construction|yolo26x|Qwen3.8,confidence,0.03,0.0,0.18129624718318377,135.97853184000002,46.30809425361804
construction|yolo26x|Qwen3.8,confidence,0.04,0.0,0.18129624718318377,135.97853184000002,46.30809425361804
construction|yolo26x|Qwen3.8,confidence,0.05,0.0,0.18129624718318377,135.97853184000002,46.30809425361804
construction|yolo26x|Qwen3.8,confidence,0.06,0.0,0.18129624718318377,135.97853184000002,46.30809425361804
construction|yolo26x|Qwen3.8,confidence,0.07,0.0,0.18129624718318377,135.97853184000002,46.30809425361804
construction|yolo26x|Qwen3.8,confidence,0.08,0.0,0.18129624718318377,135.97853184000002,46.30809425361804
construction|yolo26x|Qwen3.8,confidence,0.09,0.0,0.18129624718318377,135.97853184000002,46.30809425361804
construction|yolo26x|Qwen3.8,confidence,0.1,0.0,0.18129624718318377,135.97853184000002,46.30809425361804
construction|yolo26x|Qwen3.8,confidence,0.11,0.0,0.18129624718318377,135.97853184000002,46.30809425361804
construction|yolo26x|Qwen3.8,confidence,0.12,0.0,0.18129624718318377,135.97853184000002,46.30809425361804
construction|yolo26x|Qwen3.8,confidence,0.13,0.0,0.18129624718318377,135.97853184000002,46.30809425361804
construction|yolo26x|Qwen3.8,confidence,0.14,0.0,0.18129624718318377,135.97853184000002,46.30809425361804
construction|yolo26x|Qwen3.8,confidence,0.15,0.0,0.18129624718318377,135.97853184000002,46.30809425361804
construction|yolo26x|Qwen3.8,confidence,0.16,0.0,0.18129624718318377,135.97853184000002,46.30809425361804
construction|yolo26x|Qwen3.8,confidence,0.17,0.0,0.18129624718318377,135.97853184000002,46.30809425361804
construction|yolo26x|Qwen3.8,confidence,0.18,0.0,0.18129624718318377,135.97853184000002,46.30809425361804
construction|yolo26x|Qwen3.8,confidence,0.19,0.17942743009320905,0.1784481207469488,17517.959245999285,1808.7296972439362
construction|yolo26x|Qwen3.8,confidence,0.2,0.19340878828229027,0.1780928651788194,18872.39930164806,1946.0612507237013
construction|yolo26x|Qwen3.8,confidence,0.21,0.20306258322237017,0.17829989216687975,19807.60791150079,2040.8854186025867
construction|yolo26x|Qwen3.8,confidence,0.22,0.20838881491344874,0.1779854683890517,20323.585075557465,2093.2022008805925
construction|yolo26x|Qwen3.8,confidence,0.23,0.21537949400798934,0.17917657728013692,21000.805103381852,2161.867977620475
construction|yolo26x|Qwen3.8,confidence,0.24,0.23135818908122505,0.17803687432776102,22548.736595551884,2318.8183244544925
construction|yolo26x|Qwen3.8,confidence,0.25,0.24800266311584554,0.18026802885144627,24161.165233228996,2482.3082690732604
construction|yolo26x|Qwen3.8,confidence,0.26,0.2589880159786951,0.18119827871024874,25225.368134095894,2590.211632521647
construction|yolo26x|Qwen3.8,confidence,0.27,0.27430093209054596,0.17963665085316138,26708.802480758837,2740.6223815709136
construction|yolo26x|Qwen3.8,confidence,0.28,0.281624500665779,0.17924095839307458,27418.271081336767,2812.5579572031716
construction|yolo26x|Qwen3.8,confidence,0.29,0.28761651131824234,0.1789157174618718,27998.745390900527,2871.4143372659278
construction|yolo26x|Qwen3.8,confidence,0.3,0.2969374167776298,0.1787206845800119,28901.70542799971,2962.9687062524376
construction|yolo26x|Qwen3.8,confidence,0.31,0.30459387483355527,0.17813242189706796,29643.422601331185,3038.174080777071
construction|yolo26x|Qwen3.8,confidence,0.32,0.3129161118508655,0.17772000842137498,30449.636920169738,3119.919053086455
construction|yolo26x|Qwen3.8,confidence,0.33,0.31990679094540614,0.17791259734473341,31126.85694799413,3188.5848298263377
construction|yolo26x|Qwen3.8,confidence,0.34,0.3322237017310253,0.1789653934599337,32320.05413987519,3309.5673888442257
construction|yolo26x|Qwen3.8,confidence,0.35,0.34054593874833555,0.18042682200794885,33126.268458713756,3391.31236115361
construction|yolo26x|Qwen3.8,confidence,0.36,0.3488681757656458,0.17962877325912951,33932.48277755231,3473.057333462994
construction|yolo26x|Qwen3.8,confidence,0.37,0.3581890812250333,0.18158304685510065,34835.44281465149,3564.611702449504
construction|yolo26x|Qwen3.8,confidence,0.38,0.37017310252996005,0.18069239723097547,35996.39143377901,3682.3244625750167
construction|yolo26x|Qwen3.8,confidence,0.39,0.37683089214380827,0.1812845803851709,36641.362888849864,3747.720440422524
construction|yolo26x|Qwen3.8,confidence,0.4,0.38348868175765644,0.1824781664689562,37286.3343439207,3813.116418270031
construction|yolo26x|Qwen3.8,confidence,0.41,0.4021304926764314,0.18220594501399923,39092.254418119075,3996.225156243051
construction|yolo26x|Qwen3.8,confidence,0.42,0.41311584553928093,0.18162498930772586,40156.457318985966,4104.128519691438
construction|yolo26x|Qwen3.8,confidence,0.43,0.42676431424766975,0.18066434967152634,41478.6488018812,4238.190274278827
construction|yolo26x|Qwen3.8,confidence,0.44,0.4324234354194407,0.1803913789289444,42026.874538691416,4293.776855449209
construction|yolo26x|Qwen3.8,confidence,0.45,0.44107856191744343,0.17959468902865128,42865.33743028352,4378.791626650968
construction|yolo26x|Qwen3.8,confidence,0.46,0.45772303595206393,0.17863383514615866,44477.766067960634,4542.281571269737
construction|yolo26x|Qwen3.8,confidence,0.47,0.4717043941411451,0.17957308538379646,45832.20612360941,4679.6131247495005
construction|yolo26x|Qwen3.8,confidence,0.48,0.4826897470039947,0.17910245145856155,46896.40902447631,4787.516488197888
construction|yolo26x|Qwen3.8,confidence,0.49,0.4896804260985353,0.17871833907402393,47573.62905230069,4856.182264937771
construction|yolo26x|Qwen3.8,confidence,0.5,0.5013315579227696,0.18015785955296285,48702.32909867467,4970.625226170908
construction|yolo26x|Qwen3.8,confidence,0.51,0.5116511318242344,0.1810878167493375,49702.034854034486,5071.988991834544
construction|yolo26x|Qwen3.8,confidence,0.52,0.5183089214380826,0.18177962418520882,50347.00630910533,5137.384969682052
construction|yolo26x|Qwen3.8,confidence,0.53,0.5252996005326231,0.18246323539519374,51024.226336929714,5206.050746421934
construction|yolo26x|Qwen3.8,confidence,0.54,0.5396138482023968,0.1839876166906015,52410.914965332035,5346.652098794074
construction|yolo26x|Qwen3.8,confidence,0.55,0.5452729693741678,0.1846674213907964,52959.14070214226,5402.2386799644555
construction|yolo26x|Qwen3.8,confidence,0.56,0.559254327563249,0.18676294233791663,54313.58075779103,5539.57023344422
construction|yolo26x|Qwen3.8,confidence,0.57,0.572237017310253,0.18938663221175195,55571.275095179175,5667.092390246859
construction|yolo26x|Qwen3.8,confidence,0.58,0.5862183754993342,0.1909571002676625,56925.71515082795,5804.423943726624
construction|yolo26x|Qwen3.8,confidence,0.59,0.5998668442077231,0.1934300101790686,58247.90663372319,5938.485698314014
construction|yolo26x|Qwen3.8,confidence,0.6,0.6191744340878829,0.1973701682130997,60118.32385342864,6128.134034071785
construction|yolo26x|Qwen3.8,confidence,0.61,0.6264980026631158,0.1986727924998457,60827.792454006565,6200.069609704043
construction|yolo26x|Qwen3.8,confidence,0.62,0.6384820239680427,0.20186289191698192,61988.74107313409,6317.782369829556
construction|yolo26x|Qwen3.8,confidence,0.63,0.6461384820239681,0.20246031058520178,62730.45824646557,6392.987744354189
construction|yolo26x|Qwen3.8,confidence,0.64,0.653462050599201,0.20349944137622245,63439.92684704349,6464.923319986447
construction|yolo26x|Qwen3.8,confidence,0.65,0.6597869507323568,0.20442990090722246,64052.64972936079,6527.049498941578
construction|yolo26x|Qwen3.8,confidence,0.66,0.6661118508655126,0.2044993942500819,64665.372611678096,6589.17567789671
construction|yolo26x|Qwen3.8,confidence,0.67,0.6734354194407457,0.2064379542733177,65374.84121225603,6661.1112535289685
construction|yolo26x|Qwen3.8,confidence,0.68,0.6820905459387483,0.2065831206227621,66213.30410384812,6746.126024730727
construction|yolo26x|Qwen3.8,confidence,0.69,0.6927430093209055,0.20802802394105854,67245.25843196148,6850.759589286739
construction|yolo26x|Qwen3.8,confidence,0.7,0.7090545938748336,0.21169680596278434,68825.43849688505,7010.979735013132
construction|yolo26x|Qwen3.8,confidence,0.71,0.7170439414114514,0.2139280527103987,69599.40424297006,7089.454908430141
construction|yolo26x|Qwen3.8,confidence,0.72,0.7243675099866844,0.2146900231025185,70308.87284354799,7161.390484062398
construction|yolo26x|Qwen3.8,confidence,0.73,0.7330226364846871,0.21653561577692484,71147.33573514009,7246.405255264158
construction|yolo26x|Qwen3.8,confidence,0.74,0.7363515312916112,0.21721689648133474,71469.82146267552,7279.1032441879115
construction|yolo26x|Qwen3.8,confidence,0.75,0.7486684420772304,0.22103445955201576,72663.01865455658,7400.0858032057995
construction|yolo26x|Qwen3.8,confidence,0.76,0.757323568575233,0.22340134248367294,73501.48154614867,7485.100574407558
construction|yolo26x|Qwen3.8,confidence,0.77,0.7639813581890812,0.2269322568854726,74146.45300121952,7550.496552255066
construction|yolo26x|Qwen3.8,confidence,0.78,0.7733022636484687,0.22757452798038888,75049.4130383187,7642.050921241575
construction|yolo26x|Qwen3.8,confidence,0.79,0.784953395472703,0.227821050912831,76178.11308469268,7756.493882474713
construction|yolo26x|Qwen3.8,confidence,0.8,0.7939414114513982,0.22991865671924006,77048.82454903833,7844.7784525688485
construction|yolo26x|Qwen3.8,confidence,0.81,0.8039280958721704,0.23486191981046528,78016.28173164459,7942.8724193401085
construction|yolo26x|Qwen3.8,confidence,0.82,0.8122503328894807,0.23803916047544685,78822.49605048315,8024.617391649493
construction|yolo26x|Qwen3.8,confidence,0.83,0.8215712383488681,0.24022947987632814,79725.45608758234,8116.171760636003
construction|yolo26x|Qwen3.8,confidence,0.84,0.8388814913448736,0.24528627405740036,81402.38187076653,8286.201303039523
construction|yolo26x|Qwen3.8,confidence,0.85,0.8535286284953395,0.249537136326177,82821.3190719224,8430.072454304036
construction|yolo26x|Qwen3.8,confidence,0.86,0.8638482023968043,0.25211074301800224,83821.0248272822,8531.436219967674
construction|yolo26x|Qwen3.8,confidence,0.87,0.8745006657789614,0.2540042317315216,84852.97915539556,8636.069784523685
construction|yolo26x|Qwen3.8,confidence,0.88,0.8764980026631158,0.2540996517958595,85046.4705919168,8655.688577877936
construction|yolo26x|Qwen3.8,confidence,0.89,0.8841544607190412,0.25436194678023316,85788.18776524828,8730.89395240257
construction|yolo26x|Qwen3.8,confidence,0.9,0.8891478029294274,0.2534339447803836,86271.91635655142,8779.9409357882
construction|yolo26x|Qwen3.8,confidence,0.91,0.8981358189081226,0.2563240880787248,87142.62782089706,8868.225505882336
construction|yolo26x|Qwen3.8,confidence,0.92,0.9054593874833555,0.25551845731687656,87852.09642147498,8940.161081514594
construction|yolo26x|Qwen3.8,confidence,0.93,0.9221038615179761,0.2597490004762105,89464.5250591521,9103.651026133362
construction|yolo26x|Qwen3.8,confidence,0.94,0.9254327563249002,0.26306323674307786,89787.01078668753,9136.349015057116
construction|yolo26x|Qwen3.8,confidence,0.95,0.9364181091877497,0.26218185491449153,90851.21368755442,9244.252378505502
construction|yolo26x|Qwen3.8,confidence,0.96,0.953728362183755,0.26357052137555514,92528.13947073862,9414.281920909021
construction|yolo26x|Qwen3.8,confidence,0.97,0.96271637816245,0.26400290307863034,93398.85093508427,9502.566491003154
construction|yolo26x|Qwen3.8,confidence,0.98,0.9700399467376831,0.2647475724296899,94108.3195356622,9574.502066635414
construction|yolo26x|Qwen3.8,confidence,0.99,0.987017310252996,0.2649306125590882,95752.99674609285,9741.261810146556
construction|yolo26x|Qwen3.8,confidence,1.0,1.0,0.27001009067886245,97010.691083481,9868.783966949195
