task,expert,endpoint,method,validation_score25_mean,validation_score25_std,test_fixed_score25_mean,test_fixed_score25_std,test_ranked_score25_mean,test_ranked_score25_std,validation_metric_mean,validation_metric_std,test_metric_mean,test_metric_std,validation_call_mean,validation_call_std,test_call_mean,test_call_std
cub,cub,MiniCPM,error,0.9043833333333332,0.00048805168214491085,0.6549085260614429,0.005037074161490198,0.7764515015533311,0.005093383797235659,0.9818333333333333,0.0010865337342004667,0.7956851915774938,0.013595084245079669,0.01,0.0,0.06948567483603726,0.027759372885887968
cub,cub,MiniCPM,four_difference,0.9743333333333333,0.0004750730937912844,0.8064480497065931,0.0021628719115412928,0.8088850535036245,0.0012530132339606866,0.9865,0.0006972166887784124,0.8139454608215395,0.000585289090708094,0.01,0.0,0.013841905419399378,0.0046301734514364885
cub,cub,MiniCPM,four_ratio,0.9492166666666666,0.01094757076047265,0.7502726958923025,0.025634637867592076,0.7956955471177081,0.004983207347578584,0.985,0.0011785113019776065,0.811460131170176,0.003664489341274483,0.01,0.0,0.04449430445288229,0.00864203455894296
cub,cub,MiniCPM,gain,0.9737333333333333,0.00039264063297966096,0.8057991025198483,0.002817936601711226,0.8078633068691751,0.002142113573427962,0.9858333333333335,1.2412670766236366e-16,0.8139799792889196,0.0013936230057429231,0.01,0.0,0.024646185709354507,0.008823672451964179
cub,cub,MiniCPM,route,0.9076666666666666,0.0015822364621706617,0.6833931653434588,0.014706459242787717,0.7798412150500518,0.00103943009491982,0.9814999999999999,0.0010865337342004665,0.8081118398343113,0.00264691605283824,0.01,0.0,0.02982395581636175,0.005011720100208917
cub,cub,Qwen3.8,error,0.9195666666666666,0.0015142838424666554,0.7454677252329998,0.004138251756163409,0.7961132205730065,0.0037080129051114594,0.9804999999999999,0.00045643546458764894,0.8081808767690715,0.004054267100566989,0.01,0.0,0.04697963410424577,0.013784931688472545
cub,cub,Qwen3.8,four_difference,0.9834833333333333,0.0003084459253887113,0.8129651363479461,0.0001327951954551148,0.8117500862961684,0.0005625027599448041,0.9858333333333335,1.2412670766236366e-16,0.8142906454953401,0.00012204121180300483,0.01,0.0,0.008146358301691404,0.0018118085567153201
cub,cub,Qwen3.8,four_ratio,0.9644833333333332,0.00836938037000215,0.7995305488436314,0.007857354044301107,0.8046254746289264,0.0028245356848001254,0.9843333333333334,0.0014907119849998601,0.812875388332758,0.0010239832222431171,0.01,0.0,0.022333448394891264,0.012564674710770952
cub,cub,Qwen3.8,gain,0.9817499999999999,0.0005137011669140923,0.8125163962720056,0.00031171915298276585,0.8114981014842941,0.0008376864683897515,0.9855,0.00045643546458764894,0.8142216085605799,0.00026174923866248607,0.01,0.0,0.011114946496375561,0.007037874481504933
cub,cub,Qwen3.8,route,0.9208500000000001,0.0015694567354484427,0.7514739385571282,0.006819227851398293,0.8002174663444942,0.00292223343038228,0.9793333333333333,0.0006972166887783726,0.8127027959958578,0.0005903566232822391,0.01,0.0,0.022989299275112184,0.002065346952247372
cub,glsim,MiniCPM,error,0.9108,0.001903578501431243,0.7618018639972386,0.004596620314287549,0.8451950293406973,0.0015486544105787873,0.9868333333333335,0.00037267799624997355,0.8867794269934415,0.0023946214921490576,0.01,0.0,0.039523645150155336,0.002715245551010056
cub,glsim,MiniCPM,four_difference,0.9787166666666666,0.0002738612787525529,0.8915395236451502,0.0008214379924671345,0.8924439074905074,0.0006071964231972181,0.9893333333333333,0.00037267799624997355,0.901484294097342,0.00014440110917050722,0.01,0.0,0.013289609941318605,0.00372375716437546
cub,glsim,MiniCPM,four_ratio,0.9700666666666666,0.0012766601392348224,0.8716775975146703,0.002696586118271531,0.8807939247497412,0.0012344515327090803,0.9890000000000001,0.0014907119849998508,0.8995167414566794,0.0011474470237207235,0.014000000000000002,0.005477225575051661,0.028132550914739384,0.008585492994896726
cub,glsim,MiniCPM,gain,0.9785333333333334,0.00026744677559799074,0.8913807386952021,0.0011066520510041504,0.8929444252675183,0.0004230096988763061,0.9891666666666665,1.2412670766236366e-16,0.9015188125647221,0.0002617492386624421,0.01,0.0,0.01591301346220228,0.002039950889484623
cub,glsim,MiniCPM,route,0.9012833333333333,0.0008220063530438317,0.7546530894028305,0.017484619999829788,0.8502657921988263,0.0007734563392064111,0.9846666666666666,0.001263812574008621,0.8903003106662064,0.0036928307483028735,0.01,0.0,0.04266482568173973,0.008699578332443097
cub,glsim,Qwen3.8,error,0.9357333333333333,0.0014981470036163184,0.8150569554711771,0.001975959909892733,0.8662064204349326,0.0005027446207673551,0.9848333333333334,0.0006972166887784124,0.8947531929582325,0.0018882895266286348,0.01,0.0,0.038246461857093544,0.003534141553118471
cub,glsim,Qwen3.8,four_difference,0.9862166666666667,0.00034661057238474823,0.8974387297204004,0.0003871996662839683,0.8969036934760097,0.00018532591916529473,0.9890000000000001,0.00037267799624997355,0.9014152571625818,0.00037417127008418876,0.01,0.0,0.008215395236451501,0.002613506210765189
cub,glsim,Qwen3.8,four_ratio,0.9762333333333334,0.001975896421036943,0.8879254401104593,0.0043313902986515445,0.891408353469106,0.0023735180300587344,0.9875,0.0010206207261596358,0.9005177770107007,0.0004972337000651875,0.01,0.0,0.017190196755264068,0.005837092226331363
cub,glsim,Qwen3.8,gain,0.9852000000000001,0.0006417207769393092,0.8956092509492578,0.0020768029516458754,0.8952916810493614,0.0016337302893772345,0.9884999999999999,0.0009128709291752371,0.9008629616845012,0.0011487443073727145,0.01,0.0,0.011391094235415948,0.00538504686290048
cub,glsim,Qwen3.8,route,0.92515,0.002299909418506208,0.7938384535726615,0.007721293913312285,0.8631204694511563,0.0036321646217745583,0.9828333333333333,0.0007453559924998913,0.8952709699689333,0.0022216864349369875,0.01,0.0,0.024956851915774937,0.0049702397897606635
grefcoco,groundingdino,MiniCPM,error,0.6210682409164383,0.0009278213191392739,0.32351813515582906,0.00600652764795926,0.33151745455576664,0.0012940834975593042,0.6770398481973434,0.005618058332376438,0.45265575816011117,0.012077372145864079,0.3479654227282311,0.013046877094502269,0.4526103848226186,0.03314363208971995
grefcoco,groundingdino,MiniCPM,four_difference,0.6137648464403682,0.0020091906683944055,0.3761943113178119,0.00451225219660107,0.34934180302299855,0.0006879617740834799,0.6562513177313936,0.0022540834511329062,0.49913507075404817,0.005887753308252541,0.4439665471923536,0.03360550791504779,0.5624138615546039,0.03987669902841215
grefcoco,groundingdino,MiniCPM,four_ratio,0.625737578185396,0.0006219672325087774,0.3358925786234864,0.009258320790970132,0.3379752148143947,0.0034946718480593076,0.6801742919389978,0.004772353442217688,0.4605960922213085,0.008720430379345945,0.3379717478389205,0.013044188980017753,0.4383631568499561,0.021818814102269945
grefcoco,groundingdino,MiniCPM,gain,0.614033312249631,0.0028476200552817986,0.37808864815812615,0.0022935649879668374,0.34947962453563225,0.0008158284668645607,0.6562372619298615,0.0034606970465091472,0.4952443070640615,0.005071323680743823,0.4299669688663997,0.036734414444423956,0.5468337917930975,0.03868040637573763
grefcoco,groundingdino,MiniCPM,route,0.6111223557523368,0.0013447057578513206,0.37844142585713075,0.001884887095658619,0.34925162351473216,0.0007971331001151746,0.6562934851359898,0.003268011640403439,0.49978731248050356,0.009799169535157469,0.47595755147937313,0.07797406967337053,0.5931145960355046,0.07913626739982761
grefcoco,groundingdino,Qwen3.8,error,0.6641844121161009,0.0006409353025584052,0.35656410401837624,0.008431473714078902,0.3702696877747214,0.0014255436768525348,0.808545927331506,0.001509281573748924,0.7479681252304115,0.0014444111780072732,0.8079696394686907,0.07461922413173061,0.9098942234069705,0.04580720870865557
grefcoco,groundingdino,Qwen3.8,four_difference,0.6484278585986366,0.002552755685953187,0.42230780137821516,0.0038522524472683673,0.3748864248645889,0.0009344435306377577,0.8127205003865345,0.0014669638122516435,0.7511102288517709,0.0012934323753779572,0.7859723100709818,0.05939858081016824,0.8917222017412019,0.03061690111015076
grefcoco,groundingdino,Qwen3.8,four_ratio,0.6681059807435519,0.00033921544682756597,0.35779655729801785,0.0034213256361630895,0.37301534185973967,0.001546992842135703,0.8140698573336145,0.002380996356522431,0.7164279840058987,0.04781699237960433,0.6399746995572422,0.18357088955100645,0.7694240421972038,0.16649655087770804
grefcoco,groundingdino,Qwen3.8,gain,0.64726403823178,0.003378401153004879,0.4091189065025665,0.005116857858126231,0.3739528684456796,0.0012501282781362643,0.8086021505376344,0.001488853769272928,0.7481099169100757,0.0011598524728590547,0.8599620493358634,0.09026851710833313,0.9264441482573803,0.04489441381375845
grefcoco,groundingdino,Qwen3.8,route,0.6464755077658303,0.0020374064926579048,0.4191600260896691,0.003996773503553001,0.3745648413351105,0.0006566084717211617,0.8095860566448803,0.0015797933077241991,0.7482800669256728,0.0008087347957697223,0.7599690772366294,0.019994383855045934,0.8708447948274396,0.009520603360520385
grefcoco,instancevg,MiniCPM,error,0.7575753742357159,0.0025670440546817206,0.6707773019879193,0.0019246865481410181,0.6760292658026827,0.00037120942583228534,0.7623163960924872,0.005124828894220894,0.670192553100984,0.007641979616213665,0.16397498067327287,0.05224783155686308,0.23946913195133712,0.05264343975067549
grefcoco,instancevg,MiniCPM,four_difference,0.75516761543327,0.00038324296992454167,0.6789513087372032,0.00107169487051,0.6784754558602502,0.0009978758068675264,0.7565394616628013,0.0005053251250895244,0.6802540906899583,0.0012240819123290802,0.08195937873357229,0.04968689558802639,0.1512350055298755,0.050698419588036114
grefcoco,instancevg,MiniCPM,four_ratio,0.7599339377327993,0.0029760483711252735,0.6762561324901454,0.001277555466059089,0.6778685874712872,0.000527070018222977,0.7671375360179915,0.005231090837092384,0.671258826532059,0.0030551813437642737,0.21197554290533419,0.008374769277990949,0.27478093185491875,0.01505522661579686
grefcoco,instancevg,MiniCPM,gain,0.7532785157073583,0.001429301208093621,0.677202733743584,0.0008135309205015226,0.6768822845475427,0.0007797330613034966,0.7548808770820156,0.0013485514263493986,0.6782916938434053,0.0009934730945914698,0.05996204933586339,0.03937905952946572,0.11832232084621275,0.0368431354195028
grefcoco,instancevg,MiniCPM,route,0.7677700470869351,0.00470575293954817,0.670389359952358,0.0040411039649331385,0.6744820349941866,0.0020093242842834365,0.7760910815939279,0.008715872080531073,0.6654396959986388,0.012248907138640627,0.18396233045189403,0.03910916588884175,0.25921787709497207,0.0625546079947896
grefcoco,instancevg,Qwen3.8,error,0.7835561177876167,0.0028567720730928994,0.7282692907580184,0.0009976928491790967,0.7136675835861952,0.0003243070505697559,0.8261297350481411,0.004737712191726519,0.7569066727164449,0.0011860431161500352,0.4899571298053271,0.10367254926841935,0.6187108300484928,0.11032541276487592
grefcoco,instancevg,Qwen3.8,four_difference,0.7676983624991215,0.0017218313848783413,0.7132609250489181,0.004416137043455413,0.7061696395655502,0.0023474909898597036,0.8083069787054606,0.0006490828527103093,0.7475030485211128,0.0016083702167531654,0.9679527725068523,0.008378985030784162,0.9685052321129796,0.00781786913048959
grefcoco,instancevg,Qwen3.8,four_ratio,0.782085880947361,0.002500229406303351,0.7288443978107365,0.0009825121903040395,0.7136772254204123,0.0005213886555517868,0.8248366013071895,0.008700075636824258,0.7599466863284462,0.0027812863554784835,0.4839412467495959,0.02791311081846456,0.5978107364659841,0.029397396446080807
grefcoco,instancevg,Qwen3.8,gain,0.7688368824232201,0.002960871357556939,0.7126971613305731,0.0060107898302351,0.7036780761704904,0.004089673699329882,0.8065359477124183,0.0009195545566826218,0.7466806567790603,0.00204016498940818,0.96996275212594,0.02915560864754022,0.9692652355159799,0.030481559938283696
grefcoco,instancevg,Qwen3.8,route,0.7877250685220325,0.0021416863123372054,0.7251901426424298,0.00426943454547805,0.7128888636814792,0.0014029711714627744,0.8295593506219692,0.00411159224312457,0.7575192127725945,0.002329495328277004,0.3879682338885375,0.014823507124941973,0.4996341774664663,0.02131782709435361
nlvr2,nlvr2,MiniCPM,error,0.8357146949298195,0.0004079537160868926,0.8414091985362704,0.0012511877563891084,0.8410059553705963,0.0009410935450967526,0.8997708393010599,0.0002935247999415425,0.907885484681065,0.0005925471140722553,0.8899169292466343,0.046325469934854695,0.8867905575087895,0.04527361464443895
nlvr2,nlvr2,MiniCPM,four_difference,0.8364508736751646,0.0002926499103652411,0.8425256511444358,0.0011731132163255802,0.8416545885054173,0.0009248230676831484,0.8987109710684618,0.0005104133394788471,0.9070962186984287,0.0007583283398502093,0.9899742194213692,0.0,0.9904427064648059,0.0008793578933689391
nlvr2,nlvr2,MiniCPM,four_ratio,0.8360355199083358,0.0003105053478756761,0.8420061706249552,0.0005010954216740357,0.8412829159790485,0.00046070914567228506,0.8996562589515898,0.0002791977755602646,0.9078711343904715,0.0002870058118676702,0.9419650529934117,0.016413035153506183,0.9379923943459856,0.016810019462330374
nlvr2,nlvr2,MiniCPM,gain,0.835030077341736,0.0004510350706267802,0.8411221927244027,0.0015812968669033293,0.840622802611753,0.0010549977028042586,0.8985677456316242,0.0004793239911395297,0.9067087608524073,0.0002932168578848269,0.9899742194213692,0.0,0.9903422544306523,0.0012076858760089696
nlvr2,nlvr2,MiniCPM,route,0.836459467201375,0.0002674905191619506,0.8416502834182392,0.0008439630263159055,0.8411422831312333,0.0007332352561280011,0.8997135491263248,0.00018674312246354723,0.9075554279974171,0.00029843774618762816,0.8879404182182755,0.037037361339264246,0.8849967711846165,0.03641866552327483
nlvr2,nlvr2,Qwen3.8,error,0.8396132913205385,0.0004260084064604224,0.8421783741120759,0.0007576253552531098,0.8416675037669513,0.0006538325315131123,0.907877399026067,0.0012705961109262095,0.903336442562962,0.0012021313033542167,0.7639358350042967,0.05361984298731853,0.7649852909521417,0.04966345118649264
nlvr2,nlvr2,Qwen3.8,four_difference,0.8407676883414494,0.0004412877746031485,0.8432948267202413,0.0007906508752431857,0.8426691540503697,0.0005200470866397635,0.9091950730449728,0.0006243052053194811,0.9061060486474851,0.0013050088305247716,0.9699226582641078,0.010025780578630794,0.9687737676687954,0.00929609232811199
nlvr2,nlvr2,Qwen3.8,four_ratio,0.8400887997708393,0.00022938437951945014,0.8431814594245534,0.0003181996948668016,0.8420506565257947,0.0004083092698993979,0.910426811801776,0.0010888901637781795,0.9060342971945182,0.0007637402075473725,0.845918075050129,0.05896396588126329,0.8468249982062137,0.05730505605210457
nlvr2,nlvr2,Qwen3.8,gain,0.8392208536236035,0.0007300705032751239,0.8421482385018297,0.0008448013756582421,0.8415039104541867,0.0006065990219145921,0.907877399026067,0.00027549962849714773,0.9054889861519696,0.001801947424734317,0.9719278143798338,0.01647403853853979,0.9705245031211882,0.017668451101310333
nlvr2,nlvr2,Qwen3.8,route,0.8395645946720137,0.0003798310501410037,0.842644758556361,0.00050150621462047,0.8423462725120183,0.0003603109072443614,0.9082784302492124,0.0009532833739498352,0.9039248044772906,0.0008133589760174149,0.77393297049556,0.05317200699648349,0.7705962545741551,0.05152617166919074
construction,rtdetr_x_fp32,MiniCPM,error,0.10689476721964583,0.0018360489113105247,0.11228041200099251,0.0007874020019033298,0.11341845104454558,0.0007858958535639363,0.21889058834744546,0.0006909688623161181,0.22865624886444885,0.0017162835197550568,0.7689015691868758,0.012229977317747697,0.77982689747004,0.014104853740125097
construction,rtdetr_x_fp32,MiniCPM,four_difference,0.10406870592389231,0.0016309496616220727,0.11028216638595059,0.0030870855901712468,0.11295458120332329,0.0032538914151414734,0.21913219001083611,0.001307931612591827,0.22907685973193592,0.005805161470975003,0.7908701854493579,0.034156467798975576,0.8000665778961386,0.031921480323791725
construction,rtdetr_x_fp32,MiniCPM,four_ratio,0.10885158276665383,0.0030031928416340567,0.10446897690901666,0.008056790308998755,0.10521271910177055,0.00882421402109394,0.21899066225807357,0.0016940473764087934,0.23106183250713333,0.0017439773513269028,0.7728958630527817,0.005469412129152859,0.7847536617842876,0.0036663208794296713
construction,rtdetr_x_fp32,MiniCPM,gain,0.10587160696739821,0.005457444202487199,0.11589092443741347,0.0036994266330316137,0.11735790506183426,0.002461993985841927,0.2187875682038221,0.001987443903799894,0.22867251554212525,0.001307889147807483,0.790870185449358,0.03828588490407007,0.799866844207723,0.033566090024000295
construction,rtdetr_x_fp32,MiniCPM,route,0.10807869319402193,0.0026729953594518017,0.11030261812792752,0.002285774048247044,0.1135660437443529,0.001697345602479432,0.22210407360282552,0.0040419006526536735,0.2329352390844493,0.0030020764824269853,0.76490727532097,0.013397268909413866,0.7770972037283622,0.014344408196966299
construction,rtdetr_x_fp32,Qwen3.8,error,0.12058049527949839,0.0007119376697686785,0.11710283387557004,0.002446399717461908,0.12041798453640595,0.0026454146265488363,0.26852261197687727,0.0006085000523326687,0.2701640351341744,0.0014756278001663904,0.7788873038516405,0.017295799790274107,0.7904127829560585,0.015301332966387055
construction,rtdetr_x_fp32,Qwen3.8,four_difference,0.11567459806423948,0.0038660720993751122,0.1165967027385137,0.005546977531866126,0.12052216301974265,0.005741396785076693,0.2713761319061188,0.0019541144340920026,0.26849490913617513,0.0013607443068895128,0.8088445078459342,0.01578883282537709,0.8147137150466046,0.013308503446227726
construction,rtdetr_x_fp32,Qwen3.8,four_ratio,0.12609139028910016,0.0039303176874141265,0.10414412907604517,0.006671835621388073,0.10418376707234697,0.005495393076564938,0.2712168529841502,0.0024562657131376934,0.2689660211469896,0.001368100927643748,0.8048502139800287,0.0240488336808976,0.8093209054593874,0.017341273546869682
construction,rtdetr_x_fp32,Qwen3.8,gain,0.11285010972278928,0.005293518165238395,0.11549777204401543,0.00567335294760609,0.11798156421014253,0.005515904530759242,0.27047768072162165,0.0018838084284716512,0.26944377853139817,0.0018206679282355342,0.8108416547788874,0.02164855687885188,0.8151131824234354,0.01884078000452992
construction,rtdetr_x_fp32,Qwen3.8,route,0.11682085983824413,0.0033608523722885733,0.117581447669038,0.0022038507276840764,0.12024573167998012,0.0021788847122375696,0.2684545810328028,0.0005469921208345313,0.27204727695052544,0.0013249582738802692,0.7728958630527817,0.005469412129152859,0.7850199733688414,0.0060399032916333886
nlvr2,vilt,MiniCPM,error,0.7925809223718132,0.00039756347412721625,0.7990241802396498,0.0005851153917737499,0.8007562603142713,0.0004232301891437592,0.8988828415926668,0.00028645087367516753,0.9069957666642751,0.00021163638091056884,0.9859639071899169,0.008967330760526202,0.9833393126210807,0.010326278064507578
nlvr2,vilt,MiniCPM,four_difference,0.7937295903752506,0.00023477615660432653,0.8002367797947908,0.0004140500264405131,0.8015713568199756,0.00025509634547792867,0.8975938126611286,0.00045291859927933527,0.9061778001004519,0.0005525327777334696,0.9899742194213692,0.0,0.9900839491999711,0.001108554143190012
nlvr2,vilt,MiniCPM,four_ratio,0.7940876539673446,0.0004357679519371168,0.8007261247040253,0.0008061172759119159,0.8018224869053597,0.0009210354794995672,0.8989401317674017,0.00021721212959187555,0.9070388175360552,0.00026167155813750523,0.9839587510741907,0.005491346179513221,0.9842577312190572,0.004544082452848853
nlvr2,vilt,MiniCPM,gain,0.7932769979948439,0.0004186251910059456,0.7992394345985507,0.0007226087367763718,0.800533830810074,0.0003855464027399567,0.8970209109137783,0.00028645087367512584,0.9055463873143431,0.0004382128574184761,0.9899742194213692,0.0,0.9904857573365862,0.001875583529533495
nlvr2,vilt,MiniCPM,route,0.7930850759094815,0.00011386197029134972,0.7995494008753677,0.0007321004366172784,0.8011494582765302,0.0007251228958352712,0.8988828415926668,0.0001432254368375907,0.9065078567840998,0.0005248166333618459,0.9859639071899169,0.008967330760526202,0.9838989739542227,0.00991944050277271
nlvr2,vilt,Qwen3.8,error,0.7940618733887139,0.0003271690349065673,0.7993714572720099,0.0005320891534888945,0.801004520341537,0.0003532256329238195,0.9045545688914352,0.00038697382085668073,0.9003515821195378,0.0001380166754801895,0.9839587510741907,0.008967330760526197,0.9829662050656525,0.008406655728505972
nlvr2,vilt,Qwen3.8,four_difference,0.7964737897450587,0.0005440116139392647,0.8014723398148813,0.0006701639482073403,0.8025299562316137,0.0006035999025271126,0.9066170151818964,0.0007089297433838111,0.9030637870416875,0.0007973778708076688,0.987969063305643,0.004483665380263076,0.9871995407907009,0.00543220578901596
nlvr2,vilt,Qwen3.8,four_ratio,0.7966055571469493,0.00037853266360360615,0.8020377412642606,0.0013289717266528848,0.8031283633493578,0.0012157478618395412,0.9050988255514181,0.0002601819267342169,0.9004520341536916,0.00013034298718937417,0.9819535949584646,0.013072018572448725,0.9837267704671019,0.013156700629261588
nlvr2,vilt,Qwen3.8,gain,0.7955485534230878,0.0002872375334038346,0.801462294611466,0.0007599796569634845,0.8024826002726556,0.0005869163592895192,0.9061873388713835,0.0005453862149716374,0.9028198321015999,0.0011272059632147719,0.9759381266112861,0.015204849071429653,0.9745712850685226,0.01539612977766457
nlvr2,vilt,Qwen3.8,route,0.7942366084216557,0.00017264458556634163,0.799490564683935,0.0007399450122506702,0.8008882829877304,0.00024996912841740015,0.9049269550272129,0.00035662846170121177,0.9003802827007246,0.00017280038141341425,0.9899742194213692,0.0,0.9886919710124129,0.0010888741028969617
construction,yolo26x,MiniCPM,error,0.2263763416931531,0.0036466564252099136,0.2134960675350596,0.0037893501865690687,0.21196187733187508,0.0035581956334776953,0.2871498749765999,0.00021775480476007544,0.25992143490750746,0.006392136679927825,0.4733238231098431,0.019465780431858117,0.46631158455392807,0.014971517038550188
construction,yolo26x,MiniCPM,four_difference,0.2305961827838297,0.0021773102343294495,0.21690726805479663,0.002422512373997175,0.21618459881785138,0.0026516339340236957,0.2840018248312731,0.0024167487582089655,0.25938275238549513,0.004678859568347879,0.46733238231098434,0.028594792423091146,0.4645139813581891,0.028448517663268665
construction,yolo26x,MiniCPM,four_ratio,0.22826564625561377,0.0015297086341046872,0.21520805285746542,0.002190142314047735,0.21446524128543043,0.00247894706463491,0.28867145328814314,0.0012529026117471522,0.2614745132215918,0.004496654069936857,0.4473609129814551,0.028594792423091146,0.44081225033288945,0.022793086409624682
construction,yolo26x,MiniCPM,gain,0.23123445568440806,0.007110678273988894,0.21497730456389003,0.002641220315936139,0.21553188436650422,0.0032684260180297496,0.28890182177370444,0.0023112254090902297,0.2590138696350914,0.004352712921232588,0.42339514978601994,0.05586659350350672,0.42303595206391476,0.0532880056226722
construction,yolo26x,MiniCPM,route,0.23452541392857143,0.0018493760447112907,0.21490095615841512,0.002705808474604684,0.21537259075758963,0.0024415913341775154,0.30299452217106587,0.0056360005318521565,0.26085137014586846,0.003726770003063279,0.33951497860199714,0.0440958103169008,0.3418109187749668,0.045606101839235295
construction,yolo26x,Qwen3.8,error,0.2382200546072438,0.003931288140586608,0.21626950044157126,0.0035285101392354924,0.21321435332803368,0.0035430039227462365,0.33007295590902413,0.0015909500660411025,0.2981042528095301,0.00144280990411268,0.4853067047075606,0.02603961017769959,0.4749667110519308,0.02170863143103973
construction,yolo26x,Qwen3.8,four_difference,0.23894305491785256,0.003208020446717338,0.2151927681972142,0.0035320630378739256,0.21424573214583562,0.0024759945835623456,0.32697453663947174,0.0035407217767539855,0.2987049451139474,0.002939193920775561,0.43138373751783166,0.020464666294355817,0.4330226364846871,0.015864550132763944
construction,yolo26x,Qwen3.8,four_ratio,0.2310946681333383,0.0015058698881701732,0.21269340181123103,0.0007505886085794798,0.2118186381106563,0.000722417789109846,0.32736527974362695,0.0006793007886723935,0.29847751096358843,0.0015818331608369054,0.475320970042796,0.032047830456824106,0.4725033288948069,0.030788767929039392
construction,yolo26x,Qwen3.8,gain,0.23752138533297384,0.001377134849463997,0.21430288420141394,0.0004297028231840248,0.212686687585937,0.0005346193370841685,0.3244253859282494,0.0021590794479529832,0.2969344334969651,0.0016956622846636454,0.4793152639087019,0.03235747852272113,0.4772969374167776,0.03403084728891011
construction,yolo26x,Qwen3.8,route,0.243241607065442,0.003475917853283145,0.21502118034384718,0.001304817857724834,0.21334088837887535,0.0007021415234397854,0.328252166542654,0.0007458187903913553,0.30035812266639594,0.002261991506365177,0.46134094151212557,0.02770928915223432,0.4561251664447403,0.027400666801026683
